,no,front_width,front_height,depth,opening_area_rate,partition_area_rate,number_of_openings,1_type,1_width,1_height,1_radius,1_peak_a_x,1_peak_a_y,1_peak_b_x,1_peak_b_y,1_peak_c_x,1_peak_c_y,2_type,2_width,2_height,2_radius,2_peak_a_x,2_peak_a_y,2_peak_b_x,2_peak_b_y,2_peak_c_x,2_peak_c_y,3_type,3_width,3_height,3_radius,3_peak_a_x,3_peak_a_y,3_peak_b_x,3_peak_b_y,3_peak_c_x,3_peak_c_y,4_type,4_width,4_height,4_radius,4_peak_a_x,4_peak_a_y,4_peak_b_x,4_peak_b_y,4_peak_c_x,4_peak_c_y
0,1,190,190,100,0.002770083,0.055401662,1,square,10,10,nan,,,,,,,,,,,,,,,,,,,,,,,,,,,,,,,,,,,,
1,2,190,190,100,0.011080332,0.110803324,1,square,20,20,nan,,,,,,,,,,,,,,,,,,,,,,,,,,,,,,,,,,,,
2,3,190,190,100,0.024930748,0.166204986,1,square,30,30,nan,,,,,,,,,,,,,,,,,,,,,,,,,,,,,,,,,,,,
3,4,190,190,100,0.04432133,0.221606648,1,square,40,40,nan,,,,,,,,,,,,,,,,,,,,,,,,,,,,,,,,,,,,
4,5,190,190,100,0.069252078,0.27700831,1,square,50,50,nan,,,,,,,,,,,,,,,,,,,,,,,,,,,,,,,,,,,,
5,6,190,190,100,0.099722992,0.332409972,1,square,60,60,nan,,,,,,,,,,,,,,,,,,,,,,,,,,,,,,,,,,,,
6,7,190,190,100,0.135734072,0.387811634,1,square,70,70,nan,,,,,,,,,,,,,,,,,,,,,,,,,,,,,,,,,,,,
7,8,190,190,100,0.177285319,0.443213296,1,square,80,80,nan,,,,,,,,,,,,,,,,,,,,,,,,,,,,,,,,,,,,
8,9,190,190,100,0.224376731,0.498614958,1,square,90,90,nan,,,,,,,,,,,,,,,,,,,,,,,,,,,,,,,,,,,,
9,10,190,190,100,0.27700831,0.55401662,1,square,100,100,nan,,,,,,,,,,,,,,,,,,,,,,,,,,,,,,,,,,,,
10,11,190,190,100,0.335180055,0.609418283,1,square,110,110,nan,,,,,,,,,,,,,,,,,,,,,,,,,,,,,,,,,,,,
11,12,190,190,100,0.398891967,0.664819945,1,square,120,120,nan,,,,,,,,,,,,,,,,,,,,,,,,,,,,,,,,,,,,
12,13,190,190,100,0.468144044,0.720221607,1,square,130,130,nan,,,,,,,,,,,,,,,,,,,,,,,,,,,,,,,,,,,,
13,14,190,190,100,0.542936288,0.775623269,1,square,140,140,nan,,,,,,,,,,,,,,,,,,,,,,,,,,,,,,,,,,,,
14,15,190,190,150,0.002770083,0.083102493,1,square,10,10,nan,,,,,,,,,,,,,,,,,,,,,,,,,,,,,,,,,,,,
15,16,190,190,150,0.011080332,0.166204986,1,square,20,20,nan,,,,,,,,,,,,,,,,,,,,,,,,,,,,,,,,,,,,
16,17,190,190,150,0.024930748,0.249307479,1,square,30,30,nan,,,,,,,,,,,,,,,,,,,,,,,,,,,,,,,,,,,,
17,18,190,190,150,0.04432133,0.332409972,1,square,40,40,nan,,,,,,,,,,,,,,,,,,,,,,,,,,,,,,,,,,,,
18,19,190,190,150,0.069252078,0.415512465,1,square,50,50,nan,,,,,,,,,,,,,,,,,,,,,,,,,,,,,,,,,,,,
19,20,190,190,150,0.099722992,0.498614958,1,square,60,60,nan,,,,,,,,,,,,,,,,,,,,,,,,,,,,,,,,,,,,
20,21,190,190,150,0.135734072,0.581717452,1,square,70,70,nan,,,,,,,,,,,,,,,,,,,,,,,,,,,,,,,,,,,,
21,22,190,190,150,0.177285319,0.664819945,1,square,80,80,nan,,,,,,,,,,,,,,,,,,,,,,,,,,,,,,,,,,,,
22,23,190,190,150,0.224376731,0.747922438,1,square,90,90,nan,,,,,,,,,,,,,,,,,,,,,,,,,,,,,,,,,,,,
23,24,190,190,150,0.27700831,0.831024931,1,square,100,100,nan,,,,,,,,,,,,,,,,,,,,,,,,,,,,,,,,,,,,
24,25,190,190,150,0.335180055,0.914127424,1,square,110,110,nan,,,,,,,,,,,,,,,,,,,,,,,,,,,,,,,,,,,,
25,26,190,190,150,0.398891967,0.997229917,1,square,120,120,nan,,,,,,,,,,,,,,,,,,,,,,,,,,,,,,,,,,,,
26,27,190,190,150,0.468144044,1.08033241,1,square,130,130,nan,,,,,,,,,,,,,,,,,,,,,,,,,,,,,,,,,,,,
27,28,190,190,150,0.542936288,1.163434903,1,square,140,140,nan,,,,,,,,,,,,,,,,,,,,,,,,,,,,,,,,,,,,
28,29,190,190,190,0.002770083,0.105263158,1,square,10,10,nan,,,,,,,,,,,,,,,,,,,,,,,,,,,,,,,,,,,,
29,30,190,190,190,0.011080332,0.210526316,1,square,20,20,nan,,,,,,,,,,,,,,,,,,,,,,,,,,,,,,,,,,,,
30,31,190,190,190,0.024930748,0.315789474,1,square,30,30,nan,,,,,,,,,,,,,,,,,,,,,,,,,,,,,,,,,,,,
31,32,190,190,190,0.04432133,0.421052632,1,square,40,40,nan,,,,,,,,,,,,,,,,,,,,,,,,,,,,,,,,,,,,
32,33,190,190,190,0.069252078,0.526315789,1,square,50,50,nan,,,,,,,,,,,,,,,,,,,,,,,,,,,,,,,,,,,,
33,34,190,190,190,0.099722992,0.631578947,1,square,60,60,nan,,,,,,,,,,,,,,,,,,,,,,,,,,,,,,,,,,,,
34,35,190,190,190,0.135734072,0.736842105,1,square,70,70,nan,,,,,,,,,,,,,,,,,,,,,,,,,,,,,,,,,,,,
35,36,190,190,190,0.177285319,0.842105263,1,square,80,80,nan,,,,,,,,,,,,,,,,,,,,,,,,,,,,,,,,,,,,
36,37,190,190,190,0.224376731,0.947368421,1,square,90,90,nan,,,,,,,,,,,,,,,,,,,,,,,,,,,,,,,,,,,,
37,38,190,190,190,0.27700831,1.052631579,1,square,100,100,nan,,,,,,,,,,,,,,,,,,,,,,,,,,,,,,,,,,,,
38,39,190,190,190,0.335180055,1.157894737,1,square,110,110,nan,,,,,,,,,,,,,,,,,,,,,,,,,,,,,,,,,,,,
39,40,190,190,190,0.398891967,1.263157895,1,square,120,120,nan,,,,,,,,,,,,,,,,,,,,,,,,,,,,,,,,,,,,
40,41,190,190,190,0.468144044,1.368421053,1,square,130,130,nan,,,,,,,,,,,,,,,,,,,,,,,,,,,,,,,,,,,,
41,42,190,190,190,0.542936288,1.473684211,1,square,140,140,nan,,,,,,,,,,,,,,,,,,,,,,,,,,,,,,,,,,,,
42,43,390,190,100,0.003238866,0.045883941,1,square,24,10,nan,,,,,,,,,,,,,,,,,,,,,,,,,,,,,,,,,,,,
43,44,390,190,100,0.012955466,0.091767881,1,square,48,20,nan,,,,,,,,,,,,,,,,,,,,,,,,,,,,,,,,,,,,
44,45,390,190,100,0.029149798,0.137651822,1,square,72,30,nan,,,,,,,,,,,,,,,,,,,,,,,,,,,,,,,,,,,,
45,46,390,190,100,0.051821862,0.183535762,1,square,96,40,nan,,,,,,,,,,,,,,,,,,,,,,,,,,,,,,,,,,,,
46,47,390,190,100,0.08097166,0.229419703,1,square,120,50,nan,,,,,,,,,,,,,,,,,,,,,,,,,,,,,,,,,,,,
47,48,390,190,100,0.11659919,0.275303644,1,square,144,60,nan,,,,,,,,,,,,,,,,,,,,,,,,,,,,,,,,,,,,
48,49,390,190,100,0.158704453,0.321187584,1,square,168,70,nan,,,,,,,,,,,,,,,,,,,,,,,,,,,,,,,,,,,,
49,50,390,190,100,0.207287449,0.367071525,1,square,192,80,nan,,,,,,,,,,,,,,,,,,,,,,,,,,,,,,,,,,,,
50,51,390,190,100,0.262348178,0.412955466,1,square,216,90,nan,,,,,,,,,,,,,,,,,,,,,,,,,,,,,,,,,,,,
51,52,390,190,100,0.32388664,0.458839406,1,square,240,100,nan,,,,,,,,,,,,,,,,,,,,,,,,,,,,,,,,,,,,
52,53,390,190,100,0.391902834,0.504723347,1,square,264,110,nan,,,,,,,,,,,,,,,,,,,,,,,,,,,,,,,,,,,,
53,54,390,190,100,0.466396761,0.550607287,1,square,288,120,nan,,,,,,,,,,,,,,,,,,,,,,,,,,,,,,,,,,,,
54,55,390,190,100,0.547368421,0.596491228,1,square,312,130,nan,,,,,,,,,,,,,,,,,,,,,,,,,,,,,,,,,,,,
55,56,390,190,100,0.634817814,0.642375169,1,square,336,140,nan,,,,,,,,,,,,,,,,,,,,,,,,,,,,,,,,,,,,
56,57,390,190,150,0.003238866,0.068825911,1,square,24,10,nan,,,,,,,,,,,,,,,,,,,,,,,,,,,,,,,,,,,,
57,58,390,190,150,0.012955466,0.137651822,1,square,48,20,nan,,,,,,,,,,,,,,,,,,,,,,,,,,,,,,,,,,,,
58,59,390,190,150,0.029149798,0.206477733,1,square,72,30,nan,,,,,,,,,,,,,,,,,,,,,,,,,,,,,,,,,,,,
59,60,390,190,150,0.051821862,0.275303644,1,square,96,40,nan,,,,,,,,,,,,,,,,,,,,,,,,,,,,,,,,,,,,
60,61,390,190,150,0.08097166,0.344129555,1,square,120,50,nan,,,,,,,,,,,,,,,,,,,,,,,,,,,,,,,,,,,,
61,62,390,190,150,0.11659919,0.412955466,1,square,144,60,nan,,,,,,,,,,,,,,,,,,,,,,,,,,,,,,,,,,,,
62,63,390,190,150,0.158704453,0.481781377,1,square,168,70,nan,,,,,,,,,,,,,,,,,,,,,,,,,,,,,,,,,,,,
63,64,390,190,150,0.207287449,0.550607287,1,square,192,80,nan,,,,,,,,,,,,,,,,,,,,,,,,,,,,,,,,,,,,
64,65,390,190,150,0.262348178,0.619433198,1,square,216,90,nan,,,,,,,,,,,,,,,,,,,,,,,,,,,,,,,,,,,,
65,66,390,190,150,0.32388664,0.688259109,1,square,240,100,nan,,,,,,,,,,,,,,,,,,,,,,,,,,,,,,,,,,,,
66,67,390,190,150,0.391902834,0.75708502,1,square,264,110,nan,,,,,,,,,,,,,,,,,,,,,,,,,,,,,,,,,,,,
67,68,390,190,150,0.466396761,0.825910931,1,square,288,120,nan,,,,,,,,,,,,,,,,,,,,,,,,,,,,,,,,,,,,
68,69,390,190,150,0.547368421,0.894736842,1,square,312,130,nan,,,,,,,,,,,,,,,,,,,,,,,,,,,,,,,,,,,,
69,70,390,190,150,0.634817814,0.963562753,1,square,336,140,nan,,,,,,,,,,,,,,,,,,,,,,,,,,,,,,,,,,,,
70,71,390,190,190,0.003238866,0.087179487,1,square,24,10,nan,,,,,,,,,,,,,,,,,,,,,,,,,,,,,,,,,,,,
71,72,390,190,190,0.012955466,0.174358974,1,square,48,20,nan,,,,,,,,,,,,,,,,,,,,,,,,,,,,,,,,,,,,
72,73,390,190,190,0.029149798,0.261538462,1,square,72,30,nan,,,,,,,,,,,,,,,,,,,,,,,,,,,,,,,,,,,,
73,74,390,190,190,0.051821862,0.348717949,1,square,96,40,nan,,,,,,,,,,,,,,,,,,,,,,,,,,,,,,,,,,,,
74,75,390,190,190,0.08097166,0.435897436,1,square,120,50,nan,,,,,,,,,,,,,,,,,,,,,,,,,,,,,,,,,,,,
75,76,390,190,190,0.11659919,0.523076923,1,square,144,60,nan,,,,,,,,,,,,,,,,,,,,,,,,,,,,,,,,,,,,
76,77,390,190,190,0.158704453,0.61025641,1,square,168,70,nan,,,,,,,,,,,,,,,,,,,,,,,,,,,,,,,,,,,,
77,78,390,190,190,0.207287449,0.697435897,1,square,192,80,nan,,,,,,,,,,,,,,,,,,,,,,,,,,,,,,,,,,,,
78,79,390,190,190,0.262348178,0.784615385,1,square,216,90,nan,,,,,,,,,,,,,,,,,,,,,,,,,,,,,,,,,,,,
79,80,390,190,190,0.32388664,0.871794872,1,square,240,100,nan,,,,,,,,,,,,,,,,,,,,,,,,,,,,,,,,,,,,
80,81,390,190,190,0.391902834,0.958974359,1,square,264,110,nan,,,,,,,,,,,,,,,,,,,,,,,,,,,,,,,,,,,,
81,82,390,190,190,0.466396761,1.046153846,1,square,288,120,nan,,,,,,,,,,,,,,,,,,,,,,,,,,,,,,,,,,,,
82,83,390,190,190,0.547368421,1.133333333,1,square,312,130,nan,,,,,,,,,,,,,,,,,,,,,,,,,,,,,,,,,,,,
83,84,390,190,190,0.634817814,1.220512821,1,square,336,140,nan,,,,,,,,,,,,,,,,,,,,,,,,,,,,,,,,,,,,
84,85,190,190,100,0.002175618,0.043512364,1,circle,10,10,5,,,,,,,,,,,,,,,,,,,,,,,,,,,,,,,,,,,,
85,86,190,190,100,0.008702473,0.087024727,1,circle,20,20,10,,,,,,,,,,,,,,,,,,,,,,,,,,,,,,,,,,,,
86,87,190,190,100,0.019580564,0.130537091,1,circle,30,30,15,,,,,,,,,,,,,,,,,,,,,,,,,,,,,,,,,,,,
87,88,190,190,100,0.034809891,0.174049454,1,circle,40,40,20,,,,,,,,,,,,,,,,,,,,,,,,,,,,,,,,,,,,
88,89,190,190,100,0.054390455,0.217561818,1,circle,50,50,25,,,,,,,,,,,,,,,,,,,,,,,,,,,,,,,,,,,,
89,90,190,190,100,0.078322255,0.261074182,1,circle,60,60,30,,,,,,,,,,,,,,,,,,,,,,,,,,,,,,,,,,,,
90,91,190,190,100,0.106605291,0.304586545,1,circle,70,70,35,,,,,,,,,,,,,,,,,,,,,,,,,,,,,,,,,,,,
91,92,190,190,100,0.139239564,0.348098909,1,circle,80,80,40,,,,,,,,,,,,,,,,,,,,,,,,,,,,,,,,,,,,
92,93,190,190,100,0.176225073,0.391611273,1,circle,90,90,45,,,,,,,,,,,,,,,,,,,,,,,,,,,,,,,,,,,,
93,94,190,190,100,0.217561818,0.435123636,1,circle,100,100,50,,,,,,,,,,,,,,,,,,,,,,,,,,,,,,,,,,,,
94,95,190,190,100,0.2632498,0.478636,1,circle,110,110,55,,,,,,,,,,,,,,,,,,,,,,,,,,,,,,,,,,,,
95,96,190,190,100,0.313289018,0.522148363,1,circle,120,120,60,,,,,,,,,,,,,,,,,,,,,,,,,,,,,,,,,,,,
96,97,190,190,100,0.367679473,0.565660727,1,circle,130,130,65,,,,,,,,,,,,,,,,,,,,,,,,,,,,,,,,,,,,
97,98,190,190,100,0.426421164,0.609173091,1,circle,140,140,70,,,,,,,,,,,,,,,,,,,,,,,,,,,,,,,,,,,,
98,99,190,190,150,0.002175618,0.065268545,1,circle,10,10,5,,,,,,,,,,,,,,,,,,,,,,,,,,,,,,,,,,,,
99,100,190,190,150,0.008702473,0.130537091,1,circle,20,20,10,,,,,,,,,,,,,,,,,,,,,,,,,,,,,,,,,,,,
100,101,190,190,150,0.019580564,0.195805636,1,circle,30,30,15,,,,,,,,,,,,,,,,,,,,,,,,,,,,,,,,,,,,
101,102,190,190,150,0.034809891,0.261074182,1,circle,40,40,20,,,,,,,,,,,,,,,,,,,,,,,,,,,,,,,,,,,,
102,103,190,190,150,0.054390455,0.326342727,1,circle,50,50,25,,,,,,,,,,,,,,,,,,,,,,,,,,,,,,,,,,,,
103,104,190,190,150,0.078322255,0.391611273,1,circle,60,60,30,,,,,,,,,,,,,,,,,,,,,,,,,,,,,,,,,,,,
104,105,190,190,150,0.106605291,0.456879818,1,circle,70,70,35,,,,,,,,,,,,,,,,,,,,,,,,,,,,,,,,,,,,
105,106,190,190,150,0.139239564,0.522148363,1,circle,80,80,40,,,,,,,,,,,,,,,,,,,,,,,,,,,,,,,,,,,,
106,107,190,190,150,0.176225073,0.587416909,1,circle,90,90,45,,,,,,,,,,,,,,,,,,,,,,,,,,,,,,,,,,,,
107,108,190,190,150,0.217561818,0.652685454,1,circle,100,100,50,,,,,,,,,,,,,,,,,,,,,,,,,,,,,,,,,,,,
108,109,190,190,150,0.2632498,0.717954,1,circle,110,110,55,,,,,,,,,,,,,,,,,,,,,,,,,,,,,,,,,,,,
109,110,190,190,150,0.313289018,0.783222545,1,circle,120,120,60,,,,,,,,,,,,,,,,,,,,,,,,,,,,,,,,,,,,
110,111,190,190,150,0.367679473,0.848491091,1,circle,130,130,65,,,,,,,,,,,,,,,,,,,,,,,,,,,,,,,,,,,,
111,112,190,190,150,0.426421164,0.913759636,1,circle,140,140,70,,,,,,,,,,,,,,,,,,,,,,,,,,,,,,,,,,,,
112,113,190,190,190,0.002175618,0.082673491,1,circle,10,10,5,,,,,,,,,,,,,,,,,,,,,,,,,,,,,,,,,,,,
113,114,190,190,190,0.008702473,0.165346982,1,circle,20,20,10,,,,,,,,,,,,,,,,,,,,,,,,,,,,,,,,,,,,
114,115,190,190,190,0.019580564,0.248020473,1,circle,30,30,15,,,,,,,,,,,,,,,,,,,,,,,,,,,,,,,,,,,,
115,116,190,190,190,0.034809891,0.330693964,1,circle,40,40,20,,,,,,,,,,,,,,,,,,,,,,,,,,,,,,,,,,,,
116,117,190,190,190,0.054390455,0.413367454,1,circle,50,50,25,,,,,,,,,,,,,,,,,,,,,,,,,,,,,,,,,,,,
117,118,190,190,190,0.078322255,0.496040945,1,circle,60,60,30,,,,,,,,,,,,,,,,,,,,,,,,,,,,,,,,,,,,
118,119,190,190,190,0.106605291,0.578714436,1,circle,70,70,35,,,,,,,,,,,,,,,,,,,,,,,,,,,,,,,,,,,,
119,120,190,190,190,0.139239564,0.661387927,1,circle,80,80,40,,,,,,,,,,,,,,,,,,,,,,,,,,,,,,,,,,,,
120,121,190,190,190,0.176225073,0.744061418,1,circle,90,90,45,,,,,,,,,,,,,,,,,,,,,,,,,,,,,,,,,,,,
121,122,190,190,190,0.217561818,0.826734909,1,circle,100,100,50,,,,,,,,,,,,,,,,,,,,,,,,,,,,,,,,,,,,
122,123,190,190,190,0.2632498,0.9094084,1,circle,110,110,55,,,,,,,,,,,,,,,,,,,,,,,,,,,,,,,,,,,,
123,124,190,190,190,0.313289018,0.992081891,1,circle,120,120,60,,,,,,,,,,,,,,,,,,,,,,,,,,,,,,,,,,,,
124,125,190,190,190,0.367679473,1.074755381,1,circle,130,130,65,,,,,,,,,,,,,,,,,,,,,,,,,,,,,,,,,,,,
125,126,190,190,190,0.426421164,1.157428872,1,circle,140,140,70,,,,,,,,,,,,,,,,,,,,,,,,,,,,,,,,,,,,
126,127,190,190,100,0.002770083,0.094576553,2,triangle,10,10,nan,0,0,0,10,10,10,triangle,10,10,nan,0,0,10,10,10,0,,,,,,,,,,,,,,,,,,,,
127,128,190,190,100,0.011080332,0.189153106,2,triangle,20,20,nan,0,0,0,20,20,20,triangle,20,20,nan,0,0,20,20,20,0,,,,,,,,,,,,,,,,,,,,
128,129,190,190,100,0.024930748,0.283729659,2,triangle,30,30,nan,0,0,0,30,30,30,triangle,30,30,nan,0,0,30,30,30,0,,,,,,,,,,,,,,,,,,,,
129,130,190,190,100,0.04432133,0.378306212,2,triangle,40,40,nan,0,0,0,40,40,40,triangle,40,40,nan,0,0,40,40,40,0,,,,,,,,,,,,,,,,,,,,
130,131,190,190,100,0.069252078,0.472882765,2,triangle,50,50,nan,0,0,0,50,50,50,triangle,50,50,nan,0,0,50,50,50,0,,,,,,,,,,,,,,,,,,,,
131,132,190,190,100,0.099722992,0.567459318,2,triangle,60,60,nan,0,0,0,60,60,60,triangle,60,60,nan,0,0,60,60,60,0,,,,,,,,,,,,,,,,,,,,
132,133,190,190,100,0.135734072,0.662035871,2,triangle,70,70,nan,0,0,0,70,70,70,triangle,70,70,nan,0,0,70,70,70,0,,,,,,,,,,,,,,,,,,,,
133,134,190,190,100,0.177285319,0.756612424,2,triangle,80,80,nan,0,0,0,80,80,80,triangle,80,80,nan,0,0,80,80,80,0,,,,,,,,,,,,,,,,,,,,
134,135,190,190,100,0.224376731,0.851188977,2,triangle,90,90,nan,0,0,0,90,90,90,triangle,90,90,nan,0,0,90,90,90,0,,,,,,,,,,,,,,,,,,,,
135,136,190,190,100,0.27700831,0.94576553,2,triangle,100,100,nan,0,0,0,100,100,100,triangle,100,100,nan,0,0,100,100,100,0,,,,,,,,,,,,,,,,,,,,
136,137,190,190,100,0.335180055,1.040342083,2,triangle,110,110,nan,0,0,0,110,110,110,triangle,110,110,nan,0,0,110,110,110,0,,,,,,,,,,,,,,,,,,,,
137,138,190,190,100,0.398891967,1.134918636,2,triangle,120,120,nan,0,0,0,120,120,120,triangle,120,120,nan,0,0,120,120,120,0,,,,,,,,,,,,,,,,,,,,
138,139,190,190,100,0.468144044,1.229495189,2,triangle,130,130,nan,0,0,0,130,130,130,triangle,130,130,nan,0,0,130,130,130,0,,,,,,,,,,,,,,,,,,,,
139,140,190,190,100,0.542936288,1.277146071,2,triangle,140,140,nan,0,0,0,140,130,140,triangle,140,140,nan,0,0,140,140,140,0,,,,,,,,,,,,,,,,,,,,
140,141,190,190,150,0.002770083,0.141864829,2,triangle,10,10,nan,0,0,0,10,10,10,triangle,10,10,nan,0,0,10,10,10,0,,,,,,,,,,,,,,,,,,,,
141,142,190,190,150,0.011080332,0.283729659,2,triangle,20,20,nan,0,0,0,20,20,20,triangle,20,20,nan,0,0,20,20,20,0,,,,,,,,,,,,,,,,,,,,
142,143,190,190,150,0.024930748,0.425594488,2,triangle,30,30,nan,0,0,0,30,30,30,triangle,30,30,nan,0,0,30,30,30,0,,,,,,,,,,,,,,,,,,,,
143,144,190,190,150,0.04432133,0.567459318,2,triangle,40,40,nan,0,0,0,40,40,40,triangle,40,40,nan,0,0,40,40,40,0,,,,,,,,,,,,,,,,,,,,
144,145,190,190,150,0.069252078,0.709324147,2,triangle,50,50,nan,0,0,0,50,50,50,triangle,50,50,nan,0,0,50,50,50,0,,,,,,,,,,,,,,,,,,,,
145,146,190,190,150,0.099722992,0.851188977,2,triangle,60,60,nan,0,0,0,60,60,60,triangle,60,60,nan,0,0,60,60,60,0,,,,,,,,,,,,,,,,,,,,
146,147,190,190,150,0.135734072,0.993053806,2,triangle,70,70,nan,0,0,0,70,70,70,triangle,70,70,nan,0,0,70,70,70,0,,,,,,,,,,,,,,,,,,,,
147,148,190,190,150,0.177285319,1.134918636,2,triangle,80,80,nan,0,0,0,80,80,80,triangle,80,80,nan,0,0,80,80,80,0,,,,,,,,,,,,,,,,,,,,
148,149,190,190,150,0.224376731,1.276783465,2,triangle,90,90,nan,0,0,0,90,90,90,triangle,90,90,nan,0,0,90,90,90,0,,,,,,,,,,,,,,,,,,,,
149,150,190,190,150,0.27700831,1.418648295,2,triangle,100,100,nan,0,0,0,100,100,100,triangle,100,100,nan,0,0,100,100,100,0,,,,,,,,,,,,,,,,,,,,
150,151,190,190,150,0.335180055,1.560513124,2,triangle,110,110,nan,0,0,0,110,110,110,triangle,110,110,nan,0,0,110,110,110,0,,,,,,,,,,,,,,,,,,,,
151,152,190,190,150,0.398891967,1.702377954,2,triangle,120,120,nan,0,0,0,120,120,120,triangle,120,120,nan,0,0,120,120,120,0,,,,,,,,,,,,,,,,,,,,
152,153,190,190,150,0.468144044,1.844242783,2,triangle,130,130,nan,0,0,0,130,130,130,triangle,130,130,nan,0,0,130,130,130,0,,,,,,,,,,,,,,,,,,,,
153,154,190,190,150,0.542936288,1.915719107,2,triangle,140,140,nan,0,0,0,140,130,140,triangle,140,140,nan,0,0,140,140,140,0,,,,,,,,,,,,,,,,,,,,
154,155,190,190,190,0.002770083,0.179695451,2,triangle,10,10,nan,0,0,0,10,10,10,triangle,10,10,nan,0,0,10,10,10,0,,,,,,,,,,,,,,,,,,,,
155,156,190,190,190,0.011080332,0.359390901,2,triangle,20,20,nan,0,0,0,20,20,20,triangle,20,20,nan,0,0,20,20,20,0,,,,,,,,,,,,,,,,,,,,
156,157,190,190,190,0.024930748,0.539086352,2,triangle,30,30,nan,0,0,0,30,30,30,triangle,30,30,nan,0,0,30,30,30,0,,,,,,,,,,,,,,,,,,,,
157,158,190,190,190,0.04432133,0.718781803,2,triangle,40,40,nan,0,0,0,40,40,40,triangle,40,40,nan,0,0,40,40,40,0,,,,,,,,,,,,,,,,,,,,
158,159,190,190,190,0.069252078,0.898477253,2,triangle,50,50,nan,0,0,0,50,50,50,triangle,50,50,nan,0,0,50,50,50,0,,,,,,,,,,,,,,,,,,,,
159,160,190,190,190,0.099722992,1.078172704,2,triangle,60,60,nan,0,0,0,60,60,60,triangle,60,60,nan,0,0,60,60,60,0,,,,,,,,,,,,,,,,,,,,
160,161,190,190,190,0.135734072,1.257868155,2,triangle,70,70,nan,0,0,0,70,70,70,triangle,70,70,nan,0,0,70,70,70,0,,,,,,,,,,,,,,,,,,,,
161,162,190,190,190,0.177285319,1.437563605,2,triangle,80,80,nan,0,0,0,80,80,80,triangle,80,80,nan,0,0,80,80,80,0,,,,,,,,,,,,,,,,,,,,
162,163,190,190,190,0.224376731,1.617259056,2,triangle,90,90,nan,0,0,0,90,90,90,triangle,90,90,nan,0,0,90,90,90,0,,,,,,,,,,,,,,,,,,,,
163,164,190,190,190,0.27700831,1.796954507,2,triangle,100,100,nan,0,0,0,100,100,100,triangle,100,100,nan,0,0,100,100,100,0,,,,,,,,,,,,,,,,,,,,
164,165,190,190,190,0.335180055,1.976649957,2,triangle,110,110,nan,0,0,0,110,110,110,triangle,110,110,nan,0,0,110,110,110,0,,,,,,,,,,,,,,,,,,,,
165,166,190,190,190,0.398891967,2.156345408,2,triangle,120,120,nan,0,0,0,120,120,120,triangle,120,120,nan,0,0,120,120,120,0,,,,,,,,,,,,,,,,,,,,
166,167,190,190,190,0.468144044,2.336040858,2,triangle,130,130,nan,0,0,0,130,130,130,triangle,130,130,nan,0,0,130,130,130,0,,,,,,,,,,,,,,,,,,,,
167,168,190,190,190,0.542936288,2.426577536,2,triangle,140,140,nan,0,0,0,140,130,140,triangle,140,140,nan,0,0,140,140,140,0,,,,,,,,,,,,,,,,,,,,
168,169,190,190,100,0.002770083,0.133751444,4,triangle,10,5,nan,0,0,0,10,5,5,triangle,10,5,nan,0,5,10,5,5,0,triangle,10,5,nan,0,5,5,10,5,0,triangle,10,5,nan,0,0,5,5,10,0
169,170,190,190,100,0.011080332,0.267502888,4,triangle,20,10,nan,0,0,0,20,10,10,triangle,20,10,nan,0,10,20,10,10,0,triangle,20,10,nan,0,10,10,20,10,0,triangle,20,10,nan,0,0,10,10,20,0
170,171,190,190,100,0.024930748,0.401254332,4,triangle,30,15,nan,0,0,0,30,15,15,triangle,30,15,nan,0,15,30,15,15,0,triangle,30,15,nan,0,15,15,30,15,0,triangle,30,15,nan,0,0,15,15,30,0
171,172,190,190,100,0.04432133,0.535005776,4,triangle,40,20,nan,0,0,0,40,20,20,triangle,40,20,nan,0,20,40,20,20,0,triangle,40,20,nan,0,20,20,40,20,0,triangle,40,20,nan,0,0,20,20,40,0
172,173,190,190,100,0.069252078,0.668757219,4,triangle,50,25,nan,0,0,0,50,25,25,triangle,50,25,nan,0,25,50,25,25,0,triangle,50,25,nan,0,25,25,50,25,0,triangle,50,25,nan,0,0,25,25,50,0
173,174,190,190,100,0.099722992,0.802508663,4,triangle,60,30,nan,0,0,0,60,30,30,triangle,60,30,nan,0,30,60,30,30,0,triangle,60,30,nan,0,30,30,60,30,0,triangle,60,30,nan,0,0,30,30,60,0
174,175,190,190,100,0.135734072,0.936260107,4,triangle,70,35,nan,0,0,0,70,35,35,triangle,70,35,nan,0,35,70,35,35,0,triangle,70,35,nan,0,35,35,70,35,0,triangle,70,35,nan,0,0,35,35,70,0
175,176,190,190,100,0.177285319,1.070011551,4,triangle,80,40,nan,0,0,0,80,40,40,triangle,80,40,nan,0,40,80,40,40,0,triangle,80,40,nan,0,40,40,80,40,0,triangle,80,40,nan,0,0,40,40,80,0
176,177,190,190,100,0.224376731,1.203762995,4,triangle,90,45,nan,0,0,0,90,45,45,triangle,90,45,nan,0,45,90,45,45,0,triangle,90,45,nan,0,45,45,90,45,0,triangle,90,45,nan,0,0,45,45,90,0
177,178,190,190,100,0.27700831,1.337514439,4,triangle,100,50,nan,0,0,0,100,50,50,triangle,100,50,nan,0,50,100,50,50,0,triangle,100,50,nan,0,50,50,100,50,0,triangle,100,50,nan,0,0,50,50,100,0
178,179,190,190,100,0.335180055,1.471265883,4,triangle,110,55,nan,0,0,0,110,55,55,triangle,110,55,nan,0,55,110,55,55,0,triangle,110,55,nan,0,55,55,110,55,0,triangle,110,55,nan,0,0,55,55,110,0
179,180,190,190,100,0.398891967,1.605017327,4,triangle,120,60,nan,0,0,0,120,60,60,triangle,120,60,nan,0,60,120,60,60,0,triangle,120,60,nan,0,60,60,120,60,0,triangle,120,60,nan,0,0,60,60,120,0
180,181,190,190,100,0.468144044,1.738768771,4,triangle,130,65,nan,0,0,0,130,65,65,triangle,130,65,nan,0,65,130,65,65,0,triangle,130,65,nan,0,65,65,130,65,0,triangle,130,65,nan,0,0,65,65,130,0
181,182,190,190,100,0.542936288,1.872520215,4,triangle,140,70,nan,0,0,0,140,70,70,triangle,140,70,nan,0,70,140,70,70,0,triangle,140,70,nan,0,70,70,140,70,0,triangle,140,70,nan,0,0,70,70,140,0
182,183,190,190,150,0.002770083,0.200627166,4,triangle,10,5,nan,0,0,0,10,5,5,triangle,10,5,nan,0,5,10,5,5,0,triangle,10,5,nan,0,5,5,10,5,0,triangle,10,5,nan,0,0,5,5,10,0
183,184,190,190,150,0.011080332,0.401254332,4,triangle,20,10,nan,0,0,0,20,10,10,triangle,20,10,nan,0,10,20,10,10,0,triangle,20,10,nan,0,10,10,20,10,0,triangle,20,10,nan,0,0,10,10,20,0
184,185,190,190,150,0.024930748,0.601881498,4,triangle,30,15,nan,0,0,0,30,15,15,triangle,30,15,nan,0,15,30,15,15,0,triangle,30,15,nan,0,15,15,30,15,0,triangle,30,15,nan,0,0,15,15,30,0
185,186,190,190,150,0.04432133,0.802508663,4,triangle,40,20,nan,0,0,0,40,20,20,triangle,40,20,nan,0,20,40,20,20,0,triangle,40,20,nan,0,20,20,40,20,0,triangle,40,20,nan,0,0,20,20,40,0
186,187,190,190,150,0.069252078,1.003135829,4,triangle,50,25,nan,0,0,0,50,25,25,triangle,50,25,nan,0,25,50,25,25,0,triangle,50,25,nan,0,25,25,50,25,0,triangle,50,25,nan,0,0,25,25,50,0
187,188,190,190,150,0.099722992,1.203762995,4,triangle,60,30,nan,0,0,0,60,30,30,triangle,60,30,nan,0,30,60,30,30,0,triangle,60,30,nan,0,30,30,60,30,0,triangle,60,30,nan,0,0,30,30,60,0
188,189,190,190,150,0.135734072,1.404390161,4,triangle,70,35,nan,0,0,0,70,35,35,triangle,70,35,nan,0,35,70,35,35,0,triangle,70,35,nan,0,35,35,70,35,0,triangle,70,35,nan,0,0,35,35,70,0
189,190,190,190,150,0.177285319,1.605017327,4,triangle,80,40,nan,0,0,0,80,40,40,triangle,80,40,nan,0,40,80,40,40,0,triangle,80,40,nan,0,40,40,80,40,0,triangle,80,40,nan,0,0,40,40,80,0
190,191,190,190,150,0.224376731,1.805644493,4,triangle,90,45,nan,0,0,0,90,45,45,triangle,90,45,nan,0,45,90,45,45,0,triangle,90,45,nan,0,45,45,90,45,0,triangle,90,45,nan,0,0,45,45,90,0
191,192,190,190,150,0.27700831,2.006271658,4,triangle,100,50,nan,0,0,0,100,50,50,triangle,100,50,nan,0,50,100,50,50,0,triangle,100,50,nan,0,50,50,100,50,0,triangle,100,50,nan,0,0,50,50,100,0
192,193,190,190,150,0.335180055,2.206898824,4,triangle,110,55,nan,0,0,0,110,55,55,triangle,110,55,nan,0,55,110,55,55,0,triangle,110,55,nan,0,55,55,110,55,0,triangle,110,55,nan,0,0,55,55,110,0
193,194,190,190,150,0.398891967,2.40752599,4,triangle,120,60,nan,0,0,0,120,60,60,triangle,120,60,nan,0,60,120,60,60,0,triangle,120,60,nan,0,60,60,120,60,0,triangle,120,60,nan,0,0,60,60,120,0
194,195,190,190,150,0.468144044,2.608153156,4,triangle,130,65,nan,0,0,0,130,65,65,triangle,130,65,nan,0,65,130,65,65,0,triangle,130,65,nan,0,65,65,130,65,0,triangle,130,65,nan,0,0,65,65,130,0
195,196,190,190,150,0.542936288,2.808780322,4,triangle,140,70,nan,0,0,0,140,70,70,triangle,140,70,nan,0,70,140,70,70,0,triangle,140,70,nan,0,70,70,140,70,0,triangle,140,70,nan,0,0,70,70,140,0
196,197,190,190,190,0.002770083,0.254127743,4,triangle,10,5,nan,0,0,0,10,5,5,triangle,10,5,nan,0,5,10,5,5,0,triangle,10,5,nan,0,5,5,10,5,0,triangle,10,5,nan,0,0,5,5,10,0
197,198,190,190,190,0.011080332,0.508255487,4,triangle,20,10,nan,0,0,0,20,10,10,triangle,20,10,nan,0,10,20,10,10,0,triangle,20,10,nan,0,10,10,20,10,0,triangle,20,10,nan,0,0,10,10,20,0
198,199,190,190,190,0.024930748,0.76238323,4,triangle,30,15,nan,0,0,0,30,15,15,triangle,30,15,nan,0,15,30,15,15,0,triangle,30,15,nan,0,15,15,30,15,0,triangle,30,15,nan,0,0,15,15,30,0
199,200,190,190,190,0.04432133,1.016510974,4,triangle,40,20,nan,0,0,0,40,20,20,triangle,40,20,nan,0,20,40,20,20,0,triangle,40,20,nan,0,20,20,40,20,0,triangle,40,20,nan,0,0,20,20,40,0
200,201,190,190,190,0.069252078,1.270638717,4,triangle,50,25,nan,0,0,0,50,25,25,triangle,50,25,nan,0,25,50,25,25,0,triangle,50,25,nan,0,25,25,50,25,0,triangle,50,25,nan,0,0,25,25,50,0
201,202,190,190,190,0.099722992,1.52476646,4,triangle,60,30,nan,0,0,0,60,30,30,triangle,60,30,nan,0,30,60,30,30,0,triangle,60,30,nan,0,30,30,60,30,0,triangle,60,30,nan,0,0,30,30,60,0
202,203,190,190,190,0.135734072,1.778894204,4,triangle,70,35,nan,0,0,0,70,35,35,triangle,70,35,nan,0,35,70,35,35,0,triangle,70,35,nan,0,35,35,70,35,0,triangle,70,35,nan,0,0,35,35,70,0
203,204,190,190,190,0.177285319,2.033021947,4,triangle,80,40,nan,0,0,0,80,40,40,triangle,80,40,nan,0,40,80,40,40,0,triangle,80,40,nan,0,40,40,80,40,0,triangle,80,40,nan,0,0,40,40,80,0
204,205,190,190,190,0.224376731,2.287149691,4,triangle,90,45,nan,0,0,0,90,45,45,triangle,90,45,nan,0,45,90,45,45,0,triangle,90,45,nan,0,45,45,90,45,0,triangle,90,45,nan,0,0,45,45,90,0
205,206,190,190,190,0.27700831,2.541277434,4,triangle,100,50,nan,0,0,0,100,50,50,triangle,100,50,nan,0,50,100,50,50,0,triangle,100,50,nan,0,50,50,100,50,0,triangle,100,50,nan,0,0,50,50,100,0
206,207,190,190,190,0.335180055,2.795405177,4,triangle,110,55,nan,0,0,0,110,55,55,triangle,110,55,nan,0,55,110,55,55,0,triangle,110,55,nan,0,55,55,110,55,0,triangle,110,55,nan,0,0,55,55,110,0
207,208,190,190,190,0.398891967,3.049532921,4,triangle,120,60,nan,0,0,0,120,60,60,triangle,120,60,nan,0,60,120,60,60,0,triangle,120,60,nan,0,60,60,120,60,0,triangle,120,60,nan,0,0,60,60,120,0
208,209,190,190,190,0.468144044,3.303660664,4,triangle,130,65,nan,0,0,0,130,65,65,triangle,130,65,nan,0,65,130,65,65,0,triangle,130,65,nan,0,65,65,130,65,0,triangle,130,65,nan,0,0,65,65,130,0
209,210,190,190,190,0.542936288,3.557788408,4,triangle,140,70,nan,0,0,0,140,70,70,triangle,140,70,nan,0,70,140,70,70,0,triangle,140,70,nan,0,70,70,140,70,0,triangle,140,70,nan,0,0,70,70,140,0
